id,input,aspect,context,sentiment
3976,ресторан,Whole,решать написать отзыв ресторан отмечать прекрасный весенний праздник прочитывать отзыв понимать либо ресторан либо ребята,neutral
3976,ресторан,Whole,решать написать отзыв ресторан отмечать прекрасный весенний праздник прочитывать отзыв понимать либо ресторан либо ребята,neutral
3976,ресторан,Whole,ресторан,neutral
3976,столик бронировать,Service,столик бронировать заранее сделать предлагать администратор,neutral
3976,администратор,Service,столик бронировать заранее сделать предлагать администратор,positive
3976,предварительный заказ,Service,сделать предварительный заказ прийти увидеть полностью заполнять ресторан понимать совет давать правильный ресторан горячий блюдо ждать весьма,positive
3976,ресторан,Whole,сделать предварительный заказ прийти увидеть полностью заполнять ресторан понимать совет давать правильный ресторан горячий блюдо ждать весьма,neutral
3976,ресторан,Whole,сделать предварительный заказ прийти увидеть полностью заполнять ресторан понимать совет давать правильный ресторан горячий блюдо ждать весьма,neutral
3976,горячий блюдо,Food,сделать предварительный заказ прийти увидеть полностью заполнять ресторан понимать совет давать правильный ресторан горячий блюдо ждать весьма,neutral
3976,меню,Food,меню достаточно разнообразный весьма вкусный мой друг понравиться приносить приносить немало,positive
3976,обслуживание,Service,обслуживание не самый хороший город официант делать,both
3976,официант,Service,обслуживание не самый хороший город официант делать,positive
3976,интерьер,Interior,интерьер хороший удобный хороший музыкальный программа веселый ведущий,positive
3976,диван,Interior,интерьер хороший удобный хороший музыкальный программа веселый ведущий,positive
3976,музыкальный программа,Interior,интерьер хороший удобный хороший музыкальный программа веселый ведущий,positive
3976,ведущий,Interior,интерьер хороший удобный хороший музыкальный программа веселый ведущий,positive
3976,ресторан,Whole,в общий оставаться довольный свой выбор проводить вечер хороший ресторан уютный кухня хороший,positive
3976,кухня,Food,в общий оставаться довольный свой выбор проводить вечер хороший ресторан уютный кухня хороший,positive
3976,руководство,Whole,руководство персонал спасибо,positive
3976,персонал,Service,руководство персонал спасибо,positive
30808,ресторан,Whole,отмечать ресторан рождение первый этаж суббота вечер,neutral
30808,первый этаж,Interior,отмечать ресторан рождение первый этаж суббота вечер,neutral
30808,руководство ресторан,Whole,хотеть выражать большой благодарность прежде руководство ресторан обслуживающий персонал сотрудник готовить посетитель заведение столь вкусный блюдо,positive
30808,обслуживать персонал,Service,хотеть выражать большой благодарность прежде руководство ресторан обслуживающий персонал сотрудник готовить посетитель заведение столь вкусный блюдо,positive
30808,сотрудник,Service,хотеть выражать большой благодарность прежде руководство ресторан обслуживающий персонал сотрудник готовить посетитель заведение столь вкусный блюдо,positive
30808,блюдо,Food,хотеть выражать большой благодарность прежде руководство ресторан обслуживающий персонал сотрудник готовить посетитель заведение столь вкусный блюдо,positive
30808,интерьер,Interior,конечно впечатлять интерьер уютно красиво,positive
30808,стол,Food,стол шикарный,positive
30808,обслуживать,Service,мы обслуживать официант бахрам спасибо,positive
30808,официант,Service,мы обслуживать официант бахрам спасибо,positive
30808,ресторан,Whole,хотеть отмечать ресторан такой уровень цена не высокий,positive
30808,цена,Price,хотеть отмечать ресторан такой уровень цена не высокий,positive
14031,"ресторан ""крапива""",Whole,хотеть поделиться свой впечатление посещение ресторан крапива,neutral
14031,ресторан,Whole,уже первый встреча ресторан заказ понравиться,positive
14031,интерьер,Interior,хороший интерьер приятный воспитанный администратор светлана,positive
14031,администратор,Service,хороший интерьер приятный воспитанный администратор светлана,positive
14031,меню,Food,очень помогать выбор меню,neutral
14031,обслуживание,Service,при обслуживание банкет официант внимательно смотреть стол,positive
14031,официант,Service,при обслуживание банкет официант внимательно смотреть стол,positive
14031,смотреть за стол,Service,при обслуживание банкет официант внимательно смотреть стол,positive
14031,молодой человек,Service,за барный стойка помогать музыка молодой сожаление не знать имя,positive
14031,ресторан,Whole,очень советовать посещать ресторан атмосфера домашний,positive
14031,атмосфера,Interior,очень советовать посещать ресторан атмосфера домашний,positive
14031,заведение,Whole,все огромный спасибо не посещать приятный заведение рекомендовать свой друг,positive
14031,крапива,Whole,посещение крапива оставаться,positive
2495,кафе,Whole,быть вчера друг кафе,neutral
2495,повар,Service,огромный спасибо повар вкусный блюдо,positive
2495,блюдо,Food,огромный спасибо повар вкусный блюдо,positive
2495,бивштекс,Food,заказывать бифштекс нет слово вкусно готовить быстро главное качественно сразу чувствоваться работать мастер дело,positive
2495,обслуживание,Service,спасибо огромный хороший обслуживание приятный атмосфера гостеприимный официант,positive
2495,атмосфера,Interior,спасибо огромный хороший обслуживание приятный атмосфера гостеприимный официант,positive
2495,официант,Service,спасибо огромный хороший обслуживание приятный атмосфера гостеприимный официант,positive
2495,место,Whole,надеяться не посещать замечательный уютный место великолепный кухня доброжелательный персонал,positive
2495,кухня,Food,надеяться не посещать замечательный уютный место великолепный кухня доброжелательный персонал,positive
2495,персонал,Service,надеяться не посещать замечательный уютный место великолепный кухня доброжелательный персонал,positive
38835,заведение,Whole,отмечать муж годовщина свадьба ноябрь заведение,neutral
38835,сервис,Service,целое оставаться довольный сервис,positive
38835,встречать,Service,встречать прямо вход девушка проводить наш столик персонал улыбаться здороваться,positive
38835,девушка,Service,встречать прямо вход девушка проводить наш столик персонал улыбаться здороваться,positive
38835,персонал,Service,встречать прямо вход девушка проводить наш столик персонал улыбаться здороваться,positive
38835,официант,Service,цветок официант сергей сразу приносить ваза,positive
38835,утка по-пекински,Food,мы заказывать утка салат свинина соус какой свинина кальян бутылка вино десерт выходить,neutral
38835,салат,Food,мы заказывать утка салат свинина соус какой свинина кальян бутылка вино десерт выходить,neutral
38835,свинина в кисло-сладкий соус,Food,мы заказывать утка салат свинина соус какой свинина кальян бутылка вино десерт выходить,neutral
38835,свинина,Food,мы заказывать утка салат свинина соус какой свинина кальян бутылка вино десерт выходить,neutral
38835,кальян,Food,мы заказывать утка салат свинина соус какой свинина кальян бутылка вино десерт выходить,neutral
38835,вино,Food,мы заказывать утка салат свинина соус какой свинина кальян бутылка вино десерт выходить,neutral
38835,десерт,Food,мы заказывать утка салат свинина соус какой свинина кальян бутылка вино десерт выходить,neutral
38835,утка,Food,утка оказываться маленький сказать человек объедаться наедаться вдвоем достаточно вкусно,negative
38835,объедаться,Food,утка оказываться маленький сказать человек объедаться наедаться вдвоем достаточно вкусно,positive
38835,свинина,Food,свинина не понравиться,negative
38835,ресторан,Whole,рано ресторан есть намного вкусный,positive
38835,ресторан,Whole,на взгляд ресторан не дешевый цена европейский меню порция европейский,negative
38835,цена,Price,на взгляд ресторан не дешевый цена европейский меню порция европейский,negative
38835,меню,Food,на взгляд ресторан не дешевый цена европейский меню порция европейский,negative
38835,порция,Food,на взгляд ресторан не дешевый цена европейский меню порция европейский,negative
38835,впечатление,Whole,хоть оставаться неплохой впечатление не пойти восторг не возникать несмотря отличный обслуживание,both
38835,обслуживание,Service,хоть оставаться неплохой впечатление не пойти восторг не возникать несмотря отличный обслуживание,positive
38835,еда,Food,ожидать вкусный еда,positive
1368,паб,Whole,впервые побывать паб мочь весьма неплохой место,positive
1368,место,Whole,впервые побывать паб мочь весьма неплохой место,positive
1368,интерьер,Interior,очень понравиться интерьер чисто пабовский ненавязчивый комфортный,positive
1368,атмосфера,Interior,атмосфера располагать веселие дружеский общение,positive
1368,обслуживание,Service,что касаться обслуживание субботний вечер вполне приемлемый,positive
1368,официант,Service,при вход предлагать немногий свободный столик пара минута официант приносить меню,neutral
1368,приносить меню,Service,при вход предлагать немногий свободный столик пара минута официант приносить меню,neutral
1368,выбор пиво,Food,порадовать широкий выбор пиво прочее алкоголь закуска различный блюдо любой вкус,positive
1368,алкоголь,Food,порадовать широкий выбор пиво прочее алкоголь закуска различный блюдо любой вкус,positive
1368,закуска,Food,порадовать широкий выбор пиво прочее алкоголь закуска различный блюдо любой вкус,positive
1368,блюдо,Food,порадовать широкий выбор пиво прочее алкоголь закуска различный блюдо любой вкус,positive
1368,меню,Food,быть удивлять такой обширный меню паб,positive
1368,паб,Whole,быть удивлять такой обширный меню паб,neutral
1368,официантка,Service,из недочет отмечать забывчивость официантка друг дождаться сигарета третий просьба,negative
1368,обслуживание,Service,но компенсировать весьма вежливый обслуживание,positive
1368,пиво,Food,из заказывать понравиться пиво вкусный,positive
1368,коктейль,Food,коктейль неплохой уровень,positive
1368,гренок,Food,к гренок стейк претензия нет цезарь приправа многовато,positive
1368,стейк,Food,к гренок стейк претензия нет цезарь приправа многовато,positive
1368,цезарь,Food,к гренок стейк претензия нет цезарь приправа многовато,negative
1368,приправа,Food,к гренок стейк претензия нет цезарь приправа многовато,negative
1368,суша,Food,а суша разочаровывать не пабовский блюдо,negative
1368,блюдо,Food,а суша разочаровывать не пабовский блюдо,neutral
1368,ждать счет,Service,в конец приходиться ждать счет сдача ждать минута,negative
1368,сдача ждать,Service,в конец приходиться ждать счет сдача ждать минута,negative
1368,цена,Price,по цена кстати нормально средний подобный заведение не завышать многий,positive
1368,заведение,Whole,по цена кстати нормально средний подобный заведение не завышать многий,neutral
7890,меню,Food,из меню пробовать салат рыба ооочень вкусно друг брать холодный закуска горячо оставаться довольный достойный русский кухня,neutral
7890,салат с рыба,Food,из меню пробовать салат рыба ооочень вкусно друг брать холодный закуска горячо оставаться довольный достойный русский кухня,positive
7890,холодный закуска,Food,из меню пробовать салат рыба ооочень вкусно друг брать холодный закуска горячо оставаться довольный достойный русский кухня,positive
7890,горячее,Food,из меню пробовать салат рыба ооочень вкусно друг брать холодный закуска горячо оставаться довольный достойный русский кухня,positive
7890,кухня,Food,из меню пробовать салат рыба ооочень вкусно друг брать холодный закуска горячо оставаться довольный достойный русский кухня,positive
7890,интерьер,Interior,прекрасный уютный интерьер музыка слух радовать персонал приветливый администратор официант сервис уровень абсолютно не напрягать вечер проходить ура,positive
7890,музыка,Interior,прекрасный уютный интерьер музыка слух радовать персонал приветливый администратор официант сервис уровень абсолютно не напрягать вечер проходить ура,positive
7890,персонал,Service,прекрасный уютный интерьер музыка слух радовать персонал приветливый администратор официант сервис уровень абсолютно не напрягать вечер проходить ура,positive
7890,администратор,Service,прекрасный уютный интерьер музыка слух радовать персонал приветливый администратор официант сервис уровень абсолютно не напрягать вечер проходить ура,positive
7890,официант,Service,прекрасный уютный интерьер музыка слух радовать персонал приветливый администратор официант сервис уровень абсолютно не напрягать вечер проходить ура,positive
7890,сервис,Service,прекрасный уютный интерьер музыка слух радовать персонал приветливый администратор официант сервис уровень абсолютно не напрягать вечер проходить ура,positive
6668,ресторанчик,Whole,мы посещать замечательный ресторанчик поздний вечер близко полночь нигде не кормить,positive
6668,квартира №55,Whole,квартира выбирать расположение график работа отзыв неплохой,positive
6668,накормить,Food,накормить напоить холодный ночь замечательно вкусно,positive
6668,напоить,Food,накормить напоить холодный ночь замечательно вкусно,positive
6668,сервис,Service,не хотеться употреблять слово сервис обслуживание,neutral
6668,обслуживание,Service,не хотеться употреблять слово сервис обслуживание,neutral
6668,"не ""обслуживать""",Service,не обслуживать радушно встречать,negative
6668,встречать,Service,не обслуживать радушно встречать,positive
6668,помогать с заказ,Service,помогать заказ посоветовать хороший недорогой вино,positive
6668,посоветовать,Service,помогать заказ посоветовать хороший недорогой вино,positive
6668,вино,Food,помогать заказ посоветовать хороший недорогой вино,positive
6668,ресторан,Whole,правда заказ приносить не быстро ресторан столик сидеть пить чай,neutral
6668,пить,Food,правда заказ приносить не быстро ресторан столик сидеть пить чай,neutral
6668,чай,Food,правда заказ приносить не быстро ресторан столик сидеть пить чай,neutral
6668,салат,Food,салат готовить минута ждать горячий,neutral
6668,горячее,Food,салат готовить минута ждать горячий,neutral
6668,вино,Food,мы скоротать бутылочка вино,neutral
6668,пожарский котлета,Food,гость понравиться пожарский котлета тушеный телятина,positive
6668,тушеный телятина,Food,гость понравиться пожарский котлета тушеный телятина,positive
6668,буженина на гриль,Food,я брать буженина гриль восторг,positive
6668,салат,Food,салат сытный вкусный не запоминаться,neutral
6668,порция,Food,порция не огромный не маленький наедаться не решаться взять десерт официант советовать хвалить десерт,neutral
6668,десерт,Food,порция не огромный не маленький наедаться не решаться взять десерт официант советовать хвалить десерт,neutral
6668,официант,Service,порция не огромный не маленький наедаться не решаться взять десерт официант советовать хвалить десерт,neutral
6668,десерт,Food,порция не огромный не маленький наедаться не решаться взять десерт официант советовать хвалить десерт,positive
6668,квартира,Whole,так повод прийти квартира,positive
6668,персонал,Service,хотеть большой спасибо ночной персонал ресторан сделать поздний ужин такой приятный,positive
6668,ресторан,Whole,хотеть большой спасибо ночной персонал ресторан сделать поздний ужин такой приятный,positive
6668,ужин,Food,хотеть большой спасибо ночной персонал ресторан сделать поздний ужин такой приятный,positive
9662,суп-вино,Whole,быть вчера компания,neutral
9662,столик бронировать,Service,столик бронировать заранее думать стоять делать такой небольшой ресторан,neutral
9662,ресторан,Whole,столик бронировать заранее думать стоять делать такой небольшой ресторан,neutral
9662,интерьер,Interior,интерьер приятный абсолютно ненавязчивый уютный высокий столик удобный музыка тихий не мешать общаться,positive
9662,столик,Interior,интерьер приятный абсолютно ненавязчивый уютный высокий столик удобный музыка тихий не мешать общаться,positive
9662,музыка,Interior,интерьер приятный абсолютно ненавязчивый уютный высокий столик удобный музыка тихий не мешать общаться,positive
9662,меню,Food,меню интересный вкусно приемлемый цена готовиться быстро,positive
9662,цена,Price,меню интересный вкусно приемлемый цена готовиться быстро,positive
9662,обслуживание,Service,много комментарий плохой обслуживание старый обслуживать приятный молодой вежливый чувство юмор,negative
9662,обслуживать,Service,много комментарий плохой обслуживание старый обслуживать приятный молодой вежливый чувство юмор,positive
9662,молодой человек,Service,много комментарий плохой обслуживание старый обслуживать приятный молодой вежливый чувство юмор,positive
9662,блюдо,Food,блюдо меняться незаметно напиток приносить сразу заказ,neutral
9662,напиток,Food,блюдо меняться незаметно напиток приносить сразу заказ,neutral
18430,заведение,Whole,в прошлый суббота посещать друг заведение,neutral
18430,официант,Service,начинаться не приятный момент приходить оказываться нет свободный столик спустя наверное минута официант находить подходящий стол,positive
18430,заведение,Whole,в целое заведение понравиться обстановка интерьер меню,positive
18430,обстановка,Interior,в целое заведение понравиться обстановка интерьер меню,positive
18430,интерьер,Interior,в целое заведение понравиться обстановка интерьер меню,positive
18430,меню,Food,в целое заведение понравиться обстановка интерьер меню,positive
18430,обслуживание,Service,из плюс достаточно быстро обслуживание несмотря огромный количество человек хороший диджей субботний вечер большой выбор еда алкогольный не поесть алкоголь выпивать,positive
18430,атмосфера,Interior,из плюс достаточно быстро обслуживание несмотря огромный количество человек хороший диджей субботний вечер большой выбор еда алкогольный не поесть алкоголь выпивать,positive
18430,еда,Food,из плюс достаточно быстро обслуживание несмотря огромный количество человек хороший диджей субботний вечер большой выбор еда алкогольный не поесть алкоголь выпивать,positive
18430,алкогольный напиток,Food,из плюс достаточно быстро обслуживание несмотря огромный количество человек хороший диджей субботний вечер большой выбор еда алкогольный не поесть алкоголь выпивать,positive
18430,алкоголь,Food,из плюс достаточно быстро обслуживание несмотря огромный количество человек хороший диджей субботний вечер большой выбор еда алкогольный не поесть алкоголь выпивать,neutral
18430,выпивать,Food,из плюс достаточно быстро обслуживание несмотря огромный количество человек хороший диджей субботний вечер большой выбор еда алкогольный не поесть алкоголь выпивать,neutral
18430,музыка,Interior,минус показываться громко играть музыка отсутствие подсветка некоторый другой свет приходиться подсвечивать меню телефон наверное главный минус такой большой заведение не оказываться место гардероб вследствие куртка постоянно падать пол диван,negative
18430,заведение,Whole,минус показываться громко играть музыка отсутствие подсветка некоторый другой свет приходиться подсвечивать меню телефон наверное главный минус такой большой заведение не оказываться место гардероб вследствие куртка постоянно падать пол диван,negative
18430,депозит 5 тыс,Price,за стол попросить депозит тыс большой компания не например оставлять тыс,positive
18430,заведение,Whole,но несмотря минус оставаться вполне довольный заведение думать посещать не,positive
18430,официант,Service,ну приятный мелочь конец попросить официант дисконтный карта давать,positive
14190,место,Whole,мы молодой человек любить открывать новый итальянский,neutral
14190,ресторан,Whole,мы молодой человек любить открывать новый итальянский,neutral
14190,ресторан,Whole,находить рейтинг ресторан приходить гость сидеть терраса лето таки садиться внутри близко кондиционер,neutral
14190,интерьер,Interior,интерьер уютный,positive
14190,пицца,Food,сидеть прямо напротив кухня пицца готовить окно,neutral
14190,пицца,Food,быть отзыв пахнуть не особо легкий аромат пицца думать аппетит прибавлять начитываться отзыв хороший пицца взять оставаться довольный,positive
14190,ресторан,Whole,во итальянский ресторан брать тирамис хлебный корзинка заходить туалет,neutral
14190,тирамис,Food,во итальянский ресторан брать тирамис хлебный корзинка заходить туалет,neutral
14190,хлебный козинка,Food,во итальянский ресторан брать тирамис хлебный корзинка заходить туалет,neutral
14190,туалет,Interior,во итальянский ресторан брать тирамис хлебный корзинка заходить туалет,neutral
14190,заведение,Whole,такой образ ставить оценка заведение,neutral
14190,хлеб,Food,хлеб должный свежий тираж таять рот туалет не должный экономить,positive
14190,тирам,Food,хлеб должный свежий тираж таять рот туалет не должный экономить,positive
14190,десерт,Food,все понравиться десерт волшебный,positive
14190,официантка,Service,мило посидеть окно видеть спасать официантка вежливый,positive
14190,напиток,Food,напиток приносить еда не приходиться ждать,neutral
14190,ехать,Food,напиток приносить еда не приходиться ждать,neutral
14190,атмосфера,Interior,общий большой спасибо атмосфера угощение,positive
14190,угощение,Food,общий большой спасибо атмосфера угощение,positive
2107,заведение,Whole,случайно зайти заведение друг,positive
2107,второй этаж,Interior,мы сидеть улица второй этаж проходить банкет,neutral
2107,официант,Service,проходить минута плед официант,negative
2107,плед,Service,сходить забирать плед,negative
2107,чай,Food,чай приносить спустя минута заказ,neutral
2107,приносить,Service,потом спустя минута приносить салат,negative
2107,салат,Food,потом спустя минута приносить салат,neutral
2107,приносить,Service,проходить минута приносить горячо заказ сделать,negative
2107,горячее,Food,проходить минута приносить горячо заказ сделать,neutral
2107,блюдо,Food,и вечер друг есть ждать общий блюдо получать спустя час минута заказ овощ приготавливать уголь приготавливать быстро поход мой муж официант,neutral
2107,заказ,Service,и вечер друг есть ждать общий блюдо получать спустя час минута заказ овощ приготавливать уголь приготавливать быстро поход мой муж официант,negative
2107,"овощ, приготавливать на уголь",Food,и вечер друг есть ждать общий блюдо получать спустя час минута заказ овощ приготавливать уголь приготавливать быстро поход мой муж официант,negative
2107,порция,Food,порция заявлять меню явно не соответствовать действительный размер порция ребенок не накормить,negative
3705,макарен,Whole,выбирать романтический вечер макарен довольный выбор,positive
3705,меню,Food,меню отменный столько решать заходить часто попробовать разный блюдо,positive
3705,блюдо,Food,меню отменный столько решать заходить часто попробовать разный блюдо,positive
3705,коктейль,Food,коктейль вкусный необычный выбирать,positive
3705,салат из язык и морепродукт,Food,заказывать салат язык морепродукт паэль курица кролик,neutral
3705,паэль с курица и кролик,Food,заказывать салат язык морепродукт паэль курица кролик,neutral
3705,порция,Food,все вкусно сытно порция большой объедаться,positive
3705,кальян,Food,отличный кальян сполна наслаждаться прекрасный молодой кальянщик приветливый помогать определяться выбор не прогадывать,positive
3705,кальянщик,Service,отличный кальян сполна наслаждаться прекрасный молодой кальянщик приветливый помогать определяться выбор не прогадывать,positive
3705,интерьер,Interior,красивый интерьер второй этаж окно,positive
3705,музыка,Interior,музыка понравиться не давить громкость многий заведение создавать уютный романтичный атмосфера,positive
3705,атмосфера,Interior,музыка понравиться не давить громкость многий заведение создавать уютный романтичный атмосфера,positive
3705,персонал,Service,персонал дружелюбный улыбаться постоянно подходить убирать стол предлагать оформлять накопительный скидка неплохо,positive
3705,накопительный скидка,Service,персонал дружелюбный улыбаться постоянно подходить убирать стол предлагать оформлять накопительный скидка неплохо,positive
3705,вечер,Whole,в общий спасибо прекрасный вечер,positive
33591,кафе,Whole,отличный кафе,positive
33591,еда,Food,все замечательно вкусный обильный еда большой блюдо обстановка вежливый администратор александра,positive
33591,блюдо,Food,все замечательно вкусный обильный еда большой блюдо обстановка вежливый администратор александра,positive
33591,обстановка,Interior,все замечательно вкусный обильный еда большой блюдо обстановка вежливый администратор александра,positive
33591,администратор,Service,все замечательно вкусный обильный еда большой блюдо обстановка вежливый администратор александра,positive
33591,кафе,Whole,небольшой уютный кафе,positive
33591,цена,Price,очень низкий цена учет место находиться невский проспект,positive
33591,хачапури с сыр,Food,очень вкусный хачапури сыр вкусный лосось кусок большой сытный,positive
33591,лосось,Food,очень вкусный хачапури сыр вкусный лосось кусок большой сытный,positive
33591,кусок,Food,очень вкусный хачапури сыр вкусный лосось кусок большой сытный,positive
33591,еда,Food,и вкусный еда,positive
33591,антураж,Interior,если говорить минус минус пожалуй внизу не красивый антураж,negative
33591,верхний этаж,Interior,на верхний этаж супер,positive
33591,караоке,Interior,но попеть караоке,positive
33591,кальян,Food,быть ооочень вкусный кальян,positive
33591,место,Whole,в общий порекомендовать место хотеть вкусно сытно не дорого отмечать праздник посидеть вдвоем уютный обстановка,positive
33591,обстановка,Interior,в общий порекомендовать место хотеть вкусно сытно не дорого отмечать праздник посидеть вдвоем уютный обстановка,positive
34956,ресторанчик,Whole,на день командировка приезжать коллега работа вчетвером забредать замечательный ресторанчик каменноостровский,neutral
34956,кухня,Food,кушать достаточно понравиться кухня,positive
34956,котлетка из лосось с пюре,Food,я лично заказывать котлетка лосось пюре канадский ролл,neutral
34956,канадский ролл,Food,я лично заказывать котлетка лосось пюре канадский ролл,neutral
34956,заведение,Whole,в общий не первый мой посещение данный заведение котлетка ролл пробовать приготавливать вкусный сочный показываться,positive
34956,котлетка,Food,в общий не первый мой посещение данный заведение котлетка ролл пробовать приготавливать вкусный сочный показываться,neutral
34956,ролл,Food,в общий не первый мой посещение данный заведение котлетка ролл пробовать приготавливать вкусный сочный показываться,neutral
34956,ролл,Food,ролл вообще замечательный сравнение он не выдерживать блюдо традиционный питерский сетевой заведение японский кухня хотя не знать корректно сравнение место суша не приходиться,positive
34956,блюдо,Food,ролл вообще замечательный сравнение он не выдерживать блюдо традиционный питерский сетевой заведение японский кухня хотя не знать корректно сравнение место суша не приходиться,negative
34956,сетевой заведение японский кухня,Whole,ролл вообще замечательный сравнение он не выдерживать блюдо традиционный питерский сетевой заведение японский кухня хотя не знать корректно сравнение место суша не приходиться,negative
34956,суша,Food,ролл вообще замечательный сравнение он не выдерживать блюдо традиционный питерский сетевой заведение японский кухня хотя не знать корректно сравнение место суша не приходиться,neutral
34956,официант,Service,после вопрос официант выясняться смениться меню менять,neutral
34956,шеф-повар,Service,после вопрос официант выясняться смениться меню менять,neutral
34956,меню,Food,после вопрос официант выясняться смениться меню менять,neutral
34956,котлетка из лосось и креветка,Food,расстройство приносить информация котлетка лосось креветка хотеть убирать менять,positive
34956,блюдо,Food,понравиться особенность суп рыба стейк лосось бефстроганов пюре,positive
34956,суп из два рыба,Food,понравиться особенность суп рыба стейк лосось бефстроганов пюре,positive
34956,стейк из лосось,Food,понравиться особенность суп рыба стейк лосось бефстроганов пюре,positive
34956,бефстроганов с пюре,Food,понравиться особенность суп рыба стейк лосось бефстроганов пюре,positive
34956,интерьер,Interior,интерьер поменяться не особо изменять свой стиль обслуживание оставаться достаточно неплохой уровень общий оставаться довольный спасибо,positive
34956,обслуживание,Service,интерьер поменяться не особо изменять свой стиль обслуживание оставаться достаточно неплохой уровень общий оставаться довольный спасибо,positive
34956,администратор,Service,я знать отзыв просматривать администратор выкладывать ресторан большой просьба вы не убирать котлетка меню,neutral
34956,ресторан,Whole,я знать отзыв просматривать администратор выкладывать ресторан большой просьба вы не убирать котлетка меню,neutral
34956,котлетка,Food,я знать отзыв просматривать администратор выкладывать ресторан большой просьба вы не убирать котлетка меню,positive
3385,закуска,Food,итак приезжать закуска готовый вкусно,positive
3385,официантка,Service,официантка делать четко,positive
3385,убираться,Service,бокал полный тарелка пустой убираться,positive
3385,второй,Food,второе заказывать меню,neutral
3385,официантка,Service,после заказ проходить пол час подходить официантка кухня нет свет делать заказ горячий уголь,neutral
3385,горячее,Food,после заказ проходить пол час подходить официантка кухня нет свет делать заказ горячий уголь,neutral
3385,закуска,Food,да закуска смягчать желание поесть не столько ждать час,positive
3385,блюдо,Food,делать нечего садиться стол становиться выбирать блюдо минута сделать заказ,negative
3385,администратор,Service,и минута становиться смешно ко подходить администратор горячий уголь не,neutral
3385,заказ,Service,через минута стол появляться заказ,positive
3385,торт,Food,тогда равный главное накормить гость торт,negative
3385,заказывать заранее,Service,заказывать заранее наполеон не оправдывать мой ожидание вкус цвет товарищ нет,neutral
3385,наполеон,Food,заказывать заранее наполеон не оправдывать мой ожидание вкус цвет товарищ нет,negative
3385,интерьер,Interior,что касаться интерьер подходить торжество удаваться поработать фотограф интерьер зал VIP,positive
3385,интерьер,Interior,что касаться интерьер подходить торжество удаваться поработать фотограф интерьер зал VIP,positive
3385,кухня,Food,видимо весь кухня заказывать заранее,neutral
33520,ресторан,Whole,в пятница отмечать свадьба ресторан,neutral
33520,заказывать столик,Service,т гость заказывать столик,neutral
33520,проводить время,Whole,отлично проводить,positive
33520,кухня,Food,хороший кухня обслуживание приятный атмосфера,positive
33520,обслуживание,Service,хороший кухня обслуживание приятный атмосфера,positive
33520,атмосфера,Interior,хороший кухня обслуживание приятный атмосфера,positive
33520,подарок от шеф-повар,Service,очень порадовать подарок молодые,positive
33520,цена,Price,все советовать сходить цена вечер пятница суббота танцевальный шоу живой музыка,positive
12366,суп,Food,последний месяц час не кухня не не приносить комплимент шеф касаться заказывать пол порция не особо ресторан не огромный находиться улица восстание не парковаться сложно находить место вечер,positive
12366,кухня,Food,последний месяц час не кухня не не приносить комплимент шеф касаться заказывать пол порция не особо ресторан не огромный находиться улица восстание не парковаться сложно находить место вечер,positive
12366,спагетти,Food,последний месяц час не кухня не не приносить комплимент шеф касаться заказывать пол порция не особо ресторан не огромный находиться улица восстание не парковаться сложно находить место вечер,positive
12366,пол порция,Food,последний месяц час не кухня не не приносить комплимент шеф касаться заказывать пол порция не особо ресторан не огромный находиться улица восстание не парковаться сложно находить место вечер,neutral
12366,ресторан,Whole,последний месяц час не кухня не не приносить комплимент шеф касаться заказывать пол порция не особо ресторан не огромный находиться улица восстание не парковаться сложно находить место вечер,neutral
12366,интерьер,Interior,последний месяц час не кухня не не приносить комплимент шеф касаться заказывать пол порция не особо ресторан не огромный находиться улица восстание не парковаться сложно находить место вечер,positive
29321,ресторан,Whole,отмечать ресторан свой день понравиться вход проводить сразу узнавать заказывать столик,neutral
29321,ресторан,Whole,отмечать ресторан свой день понравиться вход проводить сразу узнавать заказывать столик,neutral
29321,проводить,Service,отмечать ресторан свой день понравиться вход проводить сразу узнавать заказывать столик,positive
29321,заказывать столик,Service,отмечать ресторан свой день понравиться вход проводить сразу узнавать заказывать столик,neutral
29321,второй этаж,Interior,второй этаж рай очень красивый интерьер нежный уютный,positive
29321,интерьер,Interior,второй этаж рай очень красивый интерьер нежный уютный,positive
29321,меню,Food,далее разнообразный любой вкус детальный рассмотрение итог останавливаться рыба лично не приглянуться пицца покушать специализированный место дом сделать праздник,positive
29321,рыба,Food,далее разнообразный любой вкус детальный рассмотрение итог останавливаться рыба лично не приглянуться пицца покушать специализированный место дом сделать праздник,positive
29321,пицца,Food,далее разнообразный любой вкус детальный рассмотрение итог останавливаться рыба лично не приглянуться пицца покушать специализированный место дом сделать праздник,neutral
29321,покушать,Food,далее разнообразный любой вкус детальный рассмотрение итог останавливаться рыба лично не приглянуться пицца покушать специализированный место дом сделать праздник,neutral
29321,место,Whole,далее разнообразный любой вкус детальный рассмотрение итог останавливаться рыба лично не приглянуться пицца покушать специализированный место дом сделать праздник,neutral
29321,паста,Food,далее разнообразный любой вкус детальный рассмотрение итог останавливаться рыба лично не приглянуться пицца покушать специализированный место дом сделать праздник,neutral
29321,суп,Food,далее разнообразный любой вкус детальный рассмотрение итог останавливаться рыба лично не приглянуться пицца покушать специализированный место дом сделать праздник,neutral
29321,цена на вино,Price,цена вино такой ресторан нормально соотношение еда показываться дорого,negative
29321,ресторан,Whole,цена вино такой ресторан нормально соотношение еда показываться дорого,neutral
29321,еда,Food,цена вино такой ресторан нормально соотношение еда показываться дорого,neutral
29321,кухня,Food,в общий целое кухня приближать итальянский супер фееричный не увидеть поэтому,both
29321,обслуживание,Service,что касаемо хотеть претензия особа читать нет тарелка убираться заинтересованность особо девушка не,negative
29321,тарелка убираться,Service,что касаемо хотеть претензия особа читать нет тарелка убираться заинтересованность особо девушка не,positive
29321,девушка,Service,что касаемо хотеть претензия особа читать нет тарелка убираться заинтересованность особо девушка не,negative
29321,обслуживание,Service,мы сидеть семером оставлять удовлетворение обслуживание прием не получать вкусно красиво подавать украшать,negative
29321,прием,Service,мы сидеть семером оставлять удовлетворение обслуживание прием не получать вкусно красиво подавать украшать,negative
29321,подавать,Service,мы сидеть семером оставлять удовлетворение обслуживание прием не получать вкусно красиво подавать украшать,positive
29321,обслуживание,Service,за обслуживание,negative
22970,интерьер,Interior,очень просторно светло интерьер мой любимый стиль место мнооооого вид окно хороший,positive
22970,вид из окно,Interior,очень просторно светло интерьер мой любимый стиль место мнооооого вид окно хороший,positive
22970,кофе,Food,быть день муж офис БЦ авеню зайти выпивать кофе не хотеться поэтому оценивать кухня достоинство решать,neutral
22970,кухня,Food,быть день муж офис БЦ авеню зайти выпивать кофе не хотеться поэтому оценивать кухня достоинство решать,neutral
22970,съедать,Food,я съедать тыквенный суп понравиться булочка подавать вкусный муж пить кофе,neutral
22970,тыквенный суп,Food,я съедать тыквенный суп понравиться булочка подавать вкусный муж пить кофе,positive
22970,булочка,Food,я съедать тыквенный суп понравиться булочка подавать вкусный муж пить кофе,positive
22970,кофе,Food,я съедать тыквенный суп понравиться булочка подавать вкусный муж пить кофе,neutral
22970,пиво,Food,надеяться следующий попробовать пиво говорить неплохой,positive
22970,официант,Service,к официант претензия нет правда день народ зал не знать вечерний час обстоять дело обслуживание,positive
22970,обслуживание,Service,к официант претензия нет правда день народ зал не знать вечерний час обстоять дело обслуживание,neutral
22970,обслуживать,Service,мы обслуживать быстро обязательно прийти,positive
35867,"ресторан ""фаворит""",Whole,отмечать наш свадьба ресторан фаворит,neutral
35867,место,Whole,выбор сделать несколько качество данный место прекрасный меню большой выбор вкусный выпечка,neutral
35867,меню,Food,выбор сделать несколько качество данный место прекрасный меню большой выбор вкусный выпечка,positive
35867,выпечка,Food,выбор сделать несколько качество данный место прекрасный меню большой выбор вкусный выпечка,positive
35867,сервис,Service,отличный сервис хороший расположение метро красивый интерьер присутствие естественный освещение делать атмосфера уютно цена соответствовать качество,positive
35867,интерьер,Interior,отличный сервис хороший расположение метро красивый интерьер присутствие естественный освещение делать атмосфера уютно цена соответствовать качество,positive
35867,атмосфера,Interior,отличный сервис хороший расположение метро красивый интерьер присутствие естественный освещение делать атмосфера уютно цена соответствовать качество,positive
35867,цена,Price,отличный сервис хороший расположение метро красивый интерьер присутствие естественный освещение делать атмосфера уютно цена соответствовать качество,positive
35867,персонал,Service,хотеть огромный спасибо персонал,positive
35867,менеджер,Service,отдельно благодарить замечательный менеджер банкет анна профессионально помогать подробно рассказывать кухня ресторан помогать выбор блюдо напиток выпечка украшение зал качественно доносить необходимый информация суперски организовывать праздник,positive
35867,кухня,Food,отдельно благодарить замечательный менеджер банкет анна профессионально помогать подробно рассказывать кухня ресторан помогать выбор блюдо напиток выпечка украшение зал качественно доносить необходимый информация суперски организовывать праздник,neutral
35867,ресторан,Whole,отдельно благодарить замечательный менеджер банкет анна профессионально помогать подробно рассказывать кухня ресторан помогать выбор блюдо напиток выпечка украшение зал качественно доносить необходимый информация суперски организовывать праздник,neutral
35867,блюдо,Food,отдельно благодарить замечательный менеджер банкет анна профессионально помогать подробно рассказывать кухня ресторан помогать выбор блюдо напиток выпечка украшение зал качественно доносить необходимый информация суперски организовывать праздник,neutral
35867,напиток,Food,отдельно благодарить замечательный менеджер банкет анна профессионально помогать подробно рассказывать кухня ресторан помогать выбор блюдо напиток выпечка украшение зал качественно доносить необходимый информация суперски организовывать праздник,neutral
35867,выпечка,Food,отдельно благодарить замечательный менеджер банкет анна профессионально помогать подробно рассказывать кухня ресторан помогать выбор блюдо напиток выпечка украшение зал качественно доносить необходимый информация суперски организовывать праздник,neutral
35867,украшение зал,Interior,отдельно благодарить замечательный менеджер банкет анна профессионально помогать подробно рассказывать кухня ресторан помогать выбор блюдо напиток выпечка украшение зал качественно доносить необходимый информация суперски организовывать праздник,positive
35867,организовывать,Service,отдельно благодарить замечательный менеджер банкет анна профессионально помогать подробно рассказывать кухня ресторан помогать выбор блюдо напиток выпечка украшение зал качественно доносить необходимый информация суперски организовывать праздник,positive
36512,ресторан,Whole,замечательный ресторан,positive
36512,место,Whole,идеальный место деловой встреча отдых компания друг проведение свадебный мероприятие,positive
36512,ресторан,Service,у ресторан свой уютный,positive
36512,атмосфера,Interior,у ресторан свой уютный,positive
36512,интерьер,Interior,красивый интерьер удобный мягкий кресло диванчик спокойный приятный музыка,positive
36512,кресло,Interior,красивый интерьер удобный мягкий кресло диванчик спокойный приятный музыка,positive
36512,диванчик,Interior,красивый интерьер удобный мягкий кресло диванчик спокойный приятный музыка,positive
36512,музыка,Interior,красивый интерьер удобный мягкий кресло диванчик спокойный приятный музыка,positive
36512,меню,Food,отличный меню вкусный блюдо,positive
36512,блюдо,Food,отличный меню вкусный блюдо,positive
36512,персонал,Service,внимательный приветливый персонал,positive
36512,персонал,Service,хотеть огромный спасибо персонал внимательный отношение наш гость красиво декорировать украшать свадебный зал стол,positive
36512,отношение,Service,хотеть огромный спасибо персонал внимательный отношение наш гость красиво декорировать украшать свадебный зал стол,positive
36512,декорировать,Interior,хотеть огромный спасибо персонал внимательный отношение наш гость красиво декорировать украшать свадебный зал стол,positive
36512,украшать,Interior,хотеть огромный спасибо персонал внимательный отношение наш гость красиво декорировать украшать свадебный зал стол,positive
36512,свадебный зал,Interior,хотеть огромный спасибо персонал внимательный отношение наш гость красиво декорировать украшать свадебный зал стол,positive
36512,стол,Interior,хотеть огромный спасибо персонал внимательный отношение наш гость красиво декорировать украшать свадебный зал стол,positive
36512,шеф,Service,огромный спасибо шеф повар вкусный красиво оформлять блюдо банкет,positive
36512,повар,Service,огромный спасибо шеф повар вкусный красиво оформлять блюдо банкет,positive
36512,блюдо,Food,огромный спасибо шеф повар вкусный красиво оформлять блюдо банкет,positive
36512,управлять ресторан,Service,отдельный огромный благодарность хотеть выражать управляющий ресторан ольга большой проделывать работа,positive
36512,меню,Food,она помогать выбор меню декорирование свадебный зал организовывать мероприятие,neutral
36512,декорирование,Interior,она помогать выбор меню декорирование свадебный зал организовывать мероприятие,positive
36512,свадебный зал,Interior,она помогать выбор меню декорирование свадебный зал организовывать мероприятие,positive
36512,организовывать,Service,она помогать выбор меню декорирование свадебный зал организовывать мероприятие,positive
36512,ресторан,Whole,быть обязательно заезжать ресторан покушать отмечать праздник,positive
36512,покушать,Food,быть обязательно заезжать ресторан покушать отмечать праздник,neutral
36512,ресторан,Whole,ресторан находиться территория гостиница Sokos Hotel Vasilievsky,neutral
36926,ресторан,Whole,первый писать отзыв ресторан настолько впечатлить данный место,neutral
36926,место,Whole,первый писать отзыв ресторан настолько впечатлить данный место,positive
36926,кухня,Food,прекрасный кухня уютный интерьер доброжелательный официант дружественный атмосфера,positive
36926,интерьер,Interior,прекрасный кухня уютный интерьер доброжелательный официант дружественный атмосфера,positive
36926,официант,Service,прекрасный кухня уютный интерьер доброжелательный официант дружественный атмосфера,positive
36926,атмосфера,Interior,прекрасный кухня уютный интерьер доброжелательный официант дружественный атмосфера,positive
36926,порция,Food,невозможно уходить оттуда плохой настроение голодный порция большой,positive
36926,ценник,Price,особенно порадовать еда небольшой деньги,positive
36926,еда,Food,особенно порадовать еда небольшой деньги,positive
36926,деньги,Price,особенно порадовать еда небольшой деньги,positive
36926,омлет по-баварски,Food,ходить молодой человек заказывать омлет салат теплый куриный печень пиво,neutral
36926,салат с теплый куриный печень,Food,ходить молодой человек заказывать омлет салат теплый куриный печень пиво,neutral
36926,пиво,Food,ходить молодой человек заказывать омлет салат теплый куриный печень пиво,neutral
36926,белый вино,Food,бокал белый вино вместе обходиться,neutral
1200,место,Whole,праздновать понравиться удаваться находить сочетать уютный интерьер зал вкусный персонал оооочень демократичный цена счет скидка честь день таки странный,positive
1200,интерьер,Interior,праздновать понравиться удаваться находить сочетать уютный интерьер зал вкусный персонал оооочень демократичный цена счет скидка честь день таки странный,positive
1200,первый зал,Interior,праздновать понравиться удаваться находить сочетать уютный интерьер зал вкусный персонал оооочень демократичный цена счет скидка честь день таки странный,positive
1200,ехать,Food,праздновать понравиться удаваться находить сочетать уютный интерьер зал вкусный персонал оооочень демократичный цена счет скидка честь день таки странный,positive
1200,персонал,Service,праздновать понравиться удаваться находить сочетать уютный интерьер зал вкусный персонал оооочень демократичный цена счет скидка честь день таки странный,positive
1200,цена,Price,праздновать понравиться удаваться находить сочетать уютный интерьер зал вкусный персонал оооочень демократичный цена счет скидка честь день таки странный,positive
1200,скидка,Price,праздновать понравиться удаваться находить сочетать уютный интерьер зал вкусный персонал оооочень демократичный цена счет скидка честь день таки странный,positive
1200,ресторан,Whole,ресторан закрываться половина поэтому момент официант вежливо не особо поехать город любой заведение работать последний клиент странный белый оказываться один,neutral
1200,официант,Service,ресторан закрываться половина поэтому момент официант вежливо не особо поехать город любой заведение работать последний клиент странный белый оказываться один,positive
1200,заведение,Whole,ресторан закрываться половина поэтому момент официант вежливо не особо поехать город любой заведение работать последний клиент странный белый оказываться один,positive
1200,вино,Food,ресторан закрываться половина поэтому момент официант вежливо не особо поехать город любой заведение работать последний клиент странный белый оказываться один,positive
1200,счет,Price,отмечать цена настолько демократичный приносить счет сильно удивлять,neutral
1200,цена,Price,отмечать цена настолько демократичный приносить счет сильно удивлять,positive
1200,счет,Price,отмечать цена настолько демократичный приносить счет сильно удивлять,positive
1200,горячее,Food,компания заказывать бутылка вино салат счет приносить самый счет карандаш написать приплюсовывать р и итоговый сумма дописывать карандаш давать официантка банковский карта попросить счет чек пробивать оплачивать обслуживание проблема расплачиваться чека наличный естественно не приносить,neutral
1200,вино,Food,компания заказывать бутылка вино салат счет приносить самый счет карандаш написать приплюсовывать р и итоговый сумма дописывать карандаш давать официантка банковский карта попросить счет чек пробивать оплачивать обслуживание проблема расплачиваться чека наличный естественно не приносить,neutral
1200,салат,Food,компания заказывать бутылка вино салат счет приносить самый счет карандаш написать приплюсовывать р и итоговый сумма дописывать карандаш давать официантка банковский карта попросить счет чек пробивать оплачивать обслуживание проблема расплачиваться чека наличный естественно не приносить,neutral
1200,счет,Price,компания заказывать бутылка вино салат счет приносить самый счет карандаш написать приплюсовывать р и итоговый сумма дописывать карандаш давать официантка банковский карта попросить счет чек пробивать оплачивать обслуживание проблема расплачиваться чека наличный естественно не приносить,positive
1200,счет,Price,компания заказывать бутылка вино салат счет приносить самый счет карандаш написать приплюсовывать р и итоговый сумма дописывать карандаш давать официантка банковский карта попросить счет чек пробивать оплачивать обслуживание проблема расплачиваться чека наличный естественно не приносить,negative
1200,обслуживание,Service,компания заказывать бутылка вино салат счет приносить самый счет карандаш написать приплюсовывать р и итоговый сумма дописывать карандаш давать официантка банковский карта попросить счет чек пробивать оплачивать обслуживание проблема расплачиваться чека наличный естественно не приносить,neutral
1200,итоговый сумма,Price,компания заказывать бутылка вино салат счет приносить самый счет карандаш написать приплюсовывать р и итоговый сумма дописывать карандаш давать официантка банковский карта попросить счет чек пробивать оплачивать обслуживание проблема расплачиваться чека наличный естественно не приносить,negative
1200,официантка,Service,компания заказывать бутылка вино салат счет приносить самый счет карандаш написать приплюсовывать р и итоговый сумма дописывать карандаш давать официантка банковский карта попросить счет чек пробивать оплачивать обслуживание проблема расплачиваться чека наличный естественно не приносить,neutral
1200,счет,Price,компания заказывать бутылка вино салат счет приносить самый счет карандаш написать приплюсовывать р и итоговый сумма дописывать карандаш давать официантка банковский карта попросить счет чек пробивать оплачивать обслуживание проблема расплачиваться чека наличный естественно не приносить,neutral
1200,обслуживание,Service,компания заказывать бутылка вино салат счет приносить самый счет карандаш написать приплюсовывать р и итоговый сумма дописывать карандаш давать официантка банковский карта попросить счет чек пробивать оплачивать обслуживание проблема расплачиваться чека наличный естественно не приносить,neutral
1200,чаевые,Service,получаться откровенный вымогание оставлять,negative
15159,ресторан,Whole,последний ресторан,neutral
15159,еда,Food,тогда понравиться вкусный еда большой порция гуманный цена,positive
15159,порция,Food,тогда понравиться вкусный еда большой порция гуманный цена,positive
15159,цена,Price,тогда понравиться вкусный еда большой порция гуманный цена,positive
15159,второй этаж,Interior,сидеть второй этаж,neutral
15159,зал,Interior,зал симпатичный обслуживание не выдающийся не навязчивый,positive
15159,обслуживание,Service,зал симпатичный обслуживание не выдающийся не навязчивый,both
15159,впечатление оставаться,Whole,впечатление оставаться положительный,positive
15159,еда,Food,как еда вкусный цена достойный,positive
15159,цена,Price,как еда вкусный цена достойный,positive
15159,меню,Food,меню большой выбирать,positive
15159,первый этаж,Interior,сидеть первый этаж,neutral
15159,интерьер,Interior,интерьер интересный такой не видеть,positive
18220,заведение,Whole,никогда серьезно не относиться данный заведение не смотря заходить выпивать перекусить не решать полноценный поужинать,neutral
18220,выпивать,Food,никогда серьезно не относиться данный заведение не смотря заходить выпивать перекусить не решать полноценный поужинать,neutral
18220,перекусить,Food,никогда серьезно не относиться данный заведение не смотря заходить выпивать перекусить не решать полноценный поужинать,neutral
18220,поужинать,Food,никогда серьезно не относиться данный заведение не смотря заходить выпивать перекусить не решать полноценный поужинать,neutral
18220,впечатление,Whole,сказать вы впечатление оставаться положительный не курьез не оставаться довольный,positive
18220,встречать,Service,встречать душевно нарекание нет не столик не право выбор,positive
18220,свеча,Interior,дело вечер поэтому зажигать свеча убавлять свет господин дама сказать вы становиться настолько уютно не подумать заведение дневной свет выглядеть кафе,positive
18220,заведение,Whole,дело вечер поэтому зажигать свеча убавлять свет господин дама сказать вы становиться настолько уютно не подумать заведение дневной свет выглядеть кафе,positive
18220,кафе,Whole,дело вечер поэтому зажигать свеча убавлять свет господин дама сказать вы становиться настолько уютно не подумать заведение дневной свет выглядеть кафе,positive
18220,музыка,Interior,короче приглушенный свет спокойный музыка милый заботливый персонал сделать дело заставлять расслабляться,positive
18220,персонал,Service,короче приглушенный свет спокойный музыка милый заботливый персонал сделать дело заставлять расслабляться,positive
18220,кухня,Food,про кухня говорить не достойно,positive
18220,капрез,Food,капрез медальон цезарь фирменный ролл особый восторг не производить нарекание не плохо атмосфера повторяться производить неизгладимый впечатление,both
18220,медальон,Food,капрез медальон цезарь фирменный ролл особый восторг не производить нарекание не плохо атмосфера повторяться производить неизгладимый впечатление,both
18220, цезарь,Food,капрез медальон цезарь фирменный ролл особый восторг не производить нарекание не плохо атмосфера повторяться производить неизгладимый впечатление,both
18220,ролл,Food,капрез медальон цезарь фирменный ролл особый восторг не производить нарекание не плохо атмосфера повторяться производить неизгладимый впечатление,neutral
18220,атмосфера,Interior,капрез медальон цезарь фирменный ролл особый восторг не производить нарекание не плохо атмосфера повторяться производить неизгладимый впечатление,positive
18220,заведение,Whole,рекомендовать день зайти вечер поверять попадать абсолютно заведение,positive
18220,обслуживание,Service,отдельный спасибо ирина внимательный вежливый обслуживание,positive
36359,давать,Whole,н начинать далекий заходить давать оставаться неоднозначный впечатление странный персонал непонятный зацеплять дизайн красивый,both
36359,кухня,Food,н начинать далекий заходить давать оставаться неоднозначный впечатление странный персонал непонятный зацеплять дизайн красивый,negative
36359,персонал,Service,н начинать далекий заходить давать оставаться неоднозначный впечатление странный персонал непонятный зацеплять дизайн красивый,negative
36359,обслуживание,Service,н начинать далекий заходить давать оставаться неоднозначный впечатление странный персонал непонятный зацеплять дизайн красивый,negative
36359,дизайн,Interior,н начинать далекий заходить давать оставаться неоднозначный впечатление странный персонал непонятный зацеплять дизайн красивый,positive
36359,кафе,Whole,н начинать далекий заходить давать оставаться неоднозначный впечатление странный персонал непонятный зацеплять дизайн красивый,positive
36359,кафе,Whole,кафе узнавать оставлять остальной поменяться,neutral
36359,дизайн,Interior,кафе узнавать оставлять остальной поменяться,neutral
36359,салат,Food,заказывать жалко красиво не вкусно,positive
36359,съедать,Food,заказывать жалко красиво не вкусно,neutral
36359,обслуживание,Service,очень понравиться ненавязчивый качественный обслуживание,positive
36359,атмосфера,Interior,спасибо вы большой уютный вы не хотеться настолько тепло радушно,positive
13823,аппетит,Whole,зайти смотря будний вторник сентябрь достаточно народ решать встречать менеджер темноволосый стройный девушка проводить стол давать минута приходить официантка принимать заказ подумать ждать приходиться ресторан полный ошибаться ожидание недолгий вполне приемлемый любой приятный беседа не замечать проходить ланч удивление оказываться вкусный сытный вполне соответствовать цена,neutral
13823,встречать,Service,зайти смотря будний вторник сентябрь достаточно народ решать встречать менеджер темноволосый стройный девушка проводить стол давать минута приходить официантка принимать заказ подумать ждать приходиться ресторан полный ошибаться ожидание недолгий вполне приемлемый любой приятный беседа не замечать проходить ланч удивление оказываться вкусный сытный вполне соответствовать цена,neutral
13823,менеджер,Service,зайти смотря будний вторник сентябрь достаточно народ решать встречать менеджер темноволосый стройный девушка проводить стол давать минута приходить официантка принимать заказ подумать ждать приходиться ресторан полный ошибаться ожидание недолгий вполне приемлемый любой приятный беседа не замечать проходить ланч удивление оказываться вкусный сытный вполне соответствовать цена,neutral
13823,девушка,Service,зайти смотря будний вторник сентябрь достаточно народ решать встречать менеджер темноволосый стройный девушка проводить стол давать минута приходить официантка принимать заказ подумать ждать приходиться ресторан полный ошибаться ожидание недолгий вполне приемлемый любой приятный беседа не замечать проходить ланч удивление оказываться вкусный сытный вполне соответствовать цена,neutral
13823,проводить к стол,Service,зайти смотря будний вторник сентябрь достаточно народ решать встречать менеджер темноволосый стройный девушка проводить стол давать минута приходить официантка принимать заказ подумать ждать приходиться ресторан полный ошибаться ожидание недолгий вполне приемлемый любой приятный беседа не замечать проходить ланч удивление оказываться вкусный сытный вполне соответствовать цена,neutral
13823,давать меню,Service,зайти смотря будний вторник сентябрь достаточно народ решать встречать менеджер темноволосый стройный девушка проводить стол давать минута приходить официантка принимать заказ подумать ждать приходиться ресторан полный ошибаться ожидание недолгий вполне приемлемый любой приятный беседа не замечать проходить ланч удивление оказываться вкусный сытный вполне соответствовать цена,neutral
13823,официантка,Service,зайти смотря будний вторник сентябрь достаточно народ решать встречать менеджер темноволосый стройный девушка проводить стол давать минута приходить официантка принимать заказ подумать ждать приходиться ресторан полный ошибаться ожидание недолгий вполне приемлемый любой приятный беседа не замечать проходить ланч удивление оказываться вкусный сытный вполне соответствовать цена,neutral
13823,принимать заказ,Service,зайти смотря будний вторник сентябрь достаточно народ решать встречать менеджер темноволосый стройный девушка проводить стол давать минута приходить официантка принимать заказ подумать ждать приходиться ресторан полный ошибаться ожидание недолгий вполне приемлемый любой приятный беседа не замечать проходить ланч удивление оказываться вкусный сытный вполне соответствовать цена,neutral
13823,ресторан,Whole,зайти смотря будний вторник сентябрь достаточно народ решать встречать менеджер темноволосый стройный девушка проводить стол давать минута приходить официантка принимать заказ подумать ждать приходиться ресторан полный ошибаться ожидание недолгий вполне приемлемый любой приятный беседа не замечать проходить ланч удивление оказываться вкусный сытный вполне соответствовать цена,neutral
13823,заведение,Service,зайти смотря будний вторник сентябрь достаточно народ решать встречать менеджер темноволосый стройный девушка проводить стол давать минута приходить официантка принимать заказ подумать ждать приходиться ресторан полный ошибаться ожидание недолгий вполне приемлемый любой приятный беседа не замечать проходить ланч удивление оказываться вкусный сытный вполне соответствовать цена,neutral
13823,бизнес ланч,Food,зайти смотря будний вторник сентябрь достаточно народ решать встречать менеджер темноволосый стройный девушка проводить стол давать минута приходить официантка принимать заказ подумать ждать приходиться ресторан полный ошибаться ожидание недолгий вполне приемлемый любой приятный беседа не замечать проходить ланч удивление оказываться вкусный сытный вполне соответствовать цена,positive
13823,цена,Price,зайти смотря будний вторник сентябрь достаточно народ решать встречать менеджер темноволосый стройный девушка проводить стол давать минута приходить официантка принимать заказ подумать ждать приходиться ресторан полный ошибаться ожидание недолгий вполне приемлемый любой приятный беседа не замечать проходить ланч удивление оказываться вкусный сытный вполне соответствовать цена,positive
13823,место,Whole,в общий хороший место разнообразный вкусный меню приемлемый цена высокий качество обслуживание,positive
13823,меню,Food,в общий хороший место разнообразный вкусный меню приемлемый цена высокий качество обслуживание,positive
13823,цена,Price,в общий хороший место разнообразный вкусный меню приемлемый цена высокий качество обслуживание,positive
13823,обслуживание,Service,в общий хороший место разнообразный вкусный меню приемлемый цена высокий качество обслуживание,positive
13823,заведение,Whole,спасибо заведение,positive
1105,ресторан,Whole,один мой любимый ресторан,positive
1105,дисконтный карта,Service,при открытие подарить дисконтный карта подарок становиться мотивация частный посещение,positive
1105,борщ с копченость,Food,весь вкусный борщ копченость ролл гриль обалденный филадельфия,positive
1105,ролл на гриль,Food,весь вкусный борщ копченость ролл гриль обалденный филадельфия,positive
1105,филадельфия,Food,весь вкусный борщ копченость ролл гриль обалденный филадельфия,positive
1105,рибай,Food,поесть рибай сделать вывод некоторый,positive
1105,стейк-хаус,Whole,поесть рибай сделать вывод некоторый,negative
1105,салат цезарь с креветка,Food,любимый салат цезарь креветка хороший,positive
1105,порция,Food,порция большой красивый тарелка хороший обслуживание,positive
1105,тарелка,Interior,порция большой красивый тарелка хороший обслуживание,positive
1105,обслуживание,Service,порция большой красивый тарелка хороший обслуживание,positive
1105,обслуживание,Service,по обслуживание отдельно официант работать неплохой показатель качество,positive
1105,официант,Service,по обслуживание отдельно официант работать неплохой показатель качество,positive
1105,шеф-повар,Service,открытие,positive
1105,бизнес-ланч,Food,даже вкусный,positive
1105,десерт,Food,по десерт не пробовать,neutral
1105,интерьер,Interior,интерьер достаточно спокойный тон не дешевый не сказать какой кафе черт кулички,positive
1105,кафе,Whole,интерьер достаточно спокойный тон не дешевый не сказать какой кафе черт кулички,negative
1105,заведение,Whole,а заведение раз не разочарование врать,positive
1105,заведение,Whole,это не реклама заведение не пиар не иметь никакой отношение заведение,neutral
1105,заведение,Whole,это не реклама заведение не пиар не иметь никакой отношение заведение,neutral
32856,ресторан марчеллис,Whole,сегодня весь семья посещать ресторан марчеллис,neutral
32856,кухня,Food,быть впервые оставаться довольный кухня обслуживание превосходить ожидание не встречать приходить гость друг приходить покушать час народ полный зал стол не заказывать поэтому приходиться садиться дверь маленький ребенок переживать ребенок продувать,positive
32856,обслуживание,Service,быть впервые оставаться довольный кухня обслуживание превосходить ожидание не встречать приходить гость друг приходить покушать час народ полный зал стол не заказывать поэтому приходиться садиться дверь маленький ребенок переживать ребенок продувать,positive
32856,покушать,Food,быть впервые оставаться довольный кухня обслуживание превосходить ожидание не встречать приходить гость друг приходить покушать час народ полный зал стол не заказывать поэтому приходиться садиться дверь маленький ребенок переживать ребенок продувать,neutral
32856,заказывать,Service,быть впервые оставаться довольный кухня обслуживание превосходить ожидание не встречать приходить гость друг приходить покушать час народ полный зал стол не заказывать поэтому приходиться садиться дверь маленький ребенок переживать ребенок продувать,neutral
32856,девушка-администратор,Service,входить положение моментально решать вопрос пара минута располагаться центр зал мягкий диван принимать заказ,positive
32856,диван,Interior,входить положение моментально решать вопрос пара минута располагаться центр зал мягкий диван принимать заказ,positive
32856,принимать заказ,Service,входить положение моментально решать вопрос пара минута располагаться центр зал мягкий диван принимать заказ,positive
32856,обстановка в ресторан,Interior,обстановка ресторан вообще приятный домашний грязный тарелка исчезать стол незаметно персонал приятный улыбчивый ребята,positive
32856,персонал,Service,обстановка ресторан вообще приятный домашний грязный тарелка исчезать стол незаметно персонал приятный улыбчивый ребята,positive
32856,ребята,Service,обстановка ресторан вообще приятный домашний грязный тарелка исчезать стол незаметно персонал приятный улыбчивый ребята,positive
32856,кухня,Food,по кухня понравиться палтус шпинат такой нежный палтус нигде не встречать впечатлить салат запекать овощ основное порадовать уходить довольный сытый,positive
32856,палтус со шпинат,Food,по кухня понравиться палтус шпинат такой нежный палтус нигде не встречать впечатлить салат запекать овощ основное порадовать уходить довольный сытый,positive
32856,палтус,Food,по кухня понравиться палтус шпинат такой нежный палтус нигде не встречать впечатлить салат запекать овощ основное порадовать уходить довольный сытый,positive
32856,салат из запеченый овощ,Food,по кухня понравиться палтус шпинат такой нежный палтус нигде не встречать впечатлить салат запекать овощ основное порадовать уходить довольный сытый,positive
32856,десерт,Food,а не становиться заказывать десерт ужин получаться сытный приятно удивляться угощать вкусняшка маленький рюмочка панакот,neutral
32856,ужин,Food,а не становиться заказывать десерт ужин получаться сытный приятно удивляться угощать вкусняшка маленький рюмочка панакот,positive
32856,панакот,Food,а не становиться заказывать десерт ужин получаться сытный приятно удивляться угощать вкусняшка маленький рюмочка панакот,positive
32856,заведение,Whole,теперь частый гость заведение семейный праздник отмечать марчеллис,positive
32856,марчеллис,Whole,теперь частый гость заведение семейный праздник отмечать марчеллис,positive
32856,отношение к ребенок,Service,P S не мочь не отмечать трепетный отношение ребенок ресторан мой малыш настолько понравиться еле уводить домой,positive
32856,ресторан,Whole,P S не мочь не отмечать трепетный отношение ребенок ресторан мой малыш настолько понравиться еле уводить домой,positive
32367,китайский кухня,Food,вообще любить китайский кухня постоянно таскать всякий китайский ресторанчик не разделять восторг счет китайский деликатес,positive
32367,китайский ресторанчик,Whole,вообще любить китайский кухня постоянно таскать всякий китайский ресторанчик не разделять восторг счет китайский деликатес,neutral
32367,деликатес,Food,вообще любить китайский кухня постоянно таскать всякий китайский ресторанчик не разделять восторг счет китайский деликатес,neutral
32367,блюдо,Food,некоторые блюдо вообще не знать готовить ну совет начальник приглашать дача,negative
32367,дача,Whole,некоторые блюдо вообще не знать готовить ну совет начальник приглашать дача,neutral
32367,еда,Food,Оч милый проводить вкусный еда красиво оформлять зал,positive
32367,зал,Interior,Оч милый проводить вкусный еда красиво оформлять зал,positive
32367,официант,Service,сразу зайти подходить официант,positive
32367,заказ,Service,заказ не приходиться оч ждать,positive
32367,вечер проходить,Whole,в общий вечер проходить отлично следовать обязательно вы приводить девушка,positive
6155,заведение,Whole,отличный заведение,positive
6155,место,Whole,посещать место открытие,positive
6155,ребята,Service,здесь работать прекрасный ребята внимательный гостеприимный,positive
6155,поужинать,Food,жить бывать молодой человек друг родственник забегать поужинать,neutral
6155,меню,Food,из меню пробовать,neutral
6155,мисо суп,Food,здесь самый хороший мисо суп город,positive
6155,порция,Food,большой порция вкусно,positive
6155,суша,Food,суша свежий рыба ролл аккуратно сделать,positive
6155,рыба,Food,суша свежий рыба ролл аккуратно сделать,positive
6155,ролл,Food,суша свежий рыба ролл аккуратно сделать,positive
6155,салат,Food,салат свежий порция не маленький,positive
6155,порция,Food,салат свежий порция не маленький,positive
6155,горячий,Food,из горячий любить утиный грудка гриль фрукт стейк тунец,neutral
6155,утиный грудка гриль с фрукт,Food,из горячий любить утиный грудка гриль фрукт стейк тунец,positive
6155,стейк из тунец,Food,из горячий любить утиный грудка гриль фрукт стейк тунец,positive
6155,лосось со шпинат,Food,стейль лосось шпинат любимый блюдо мой подруга,positive
6155,блюдо,Food,стейль лосось шпинат любимый блюдо мой подруга,positive
6155,медальон из телятина с овощ,Food,медальон телятина овощ объедение,positive
6155,ресторан,Whole,не ходить дорогой ресторан вкусно поесть,neutral
6155,поесть,Food,не ходить дорогой ресторан вкусно поесть,positive
6155,место,Whole,рекомендовать место,positive
6155,место,Whole,быть продолжать посещать место,positive
6155,персонал,Service,спасибо персонал работа,positive
37975,ресторан,Whole,праздновать свадьба ресторан август у небольшой банкет качество гость родитель,neutral
37975,ресторан,Whole,ресторан понравиться сразу приезжать,positive
37975,интерьер,Interior,красивый интерьер спокойный атмосфера приятный ненавязчивый музыка обходительный вежливый персонал,positive
37975,атмосфера,Interior,красивый интерьер спокойный атмосфера приятный ненавязчивый музыка обходительный вежливый персонал,positive
37975,музыка,Interior,красивый интерьер спокойный атмосфера приятный ненавязчивый музыка обходительный вежливый персонал,positive
37975,персонал,Service,красивый интерьер спокойный атмосфера приятный ненавязчивый музыка обходительный вежливый персонал,positive
37975,сладость,Food,несмотря небольшой число гость разрешать приносить напиток пробковый сбор сладость фрукт,neutral
37975,фрукт,Food,несмотря небольшой число гость разрешать приносить напиток пробковый сбор сладость фрукт,neutral
37975,меню,Food,банкетный меню выбор,positive
37975,блюдо,Food,мы помогать определяться выбор столик блюдо меню,neutral
37975,меню,Food,мы помогать определяться выбор столик блюдо меню,neutral
37975,администратор,Service,большой спасибо администратор сергей обслуживать банкет подавать откликаться просьба,positive
37975,обслуживать,Service,большой спасибо администратор сергей обслуживать банкет подавать откликаться просьба,positive
37975,подавать,Service,большой спасибо администратор сергей обслуживать банкет подавать откликаться просьба,positive
37975,персонал ресторан,Service,также спасибо персонал ресторан,positive
37975,заведение,Whole,уверять не посещать замечательный заведение,positive
32840,местечко,Whole,искать друг хороший местечко север уютно не сильно шумно популярный не ресторан общий приличный паб хороший выпивка закуска,positive
32840,кафе-бар,Whole,искать друг хороший местечко север уютно не сильно шумно популярный не ресторан общий приличный паб хороший выпивка закуска,neutral
32840,ресторан,Whole,искать друг хороший местечко север уютно не сильно шумно популярный не ресторан общий приличный паб хороший выпивка закуска,neutral
32840,паб,Whole,искать друг хороший местечко север уютно не сильно шумно популярный не ресторан общий приличный паб хороший выпивка закуска,positive
32840,выпивка,Food,искать друг хороший местечко север уютно не сильно шумно популярный не ресторан общий приличный паб хороший выпивка закуска,positive
32840,закуска,Food,искать друг хороший местечко север уютно не сильно шумно популярный не ресторан общий приличный паб хороший выпивка закуска,positive
32840,место,Whole,и место,positive
32840,заведение,Whole,правда факт удаваться посидеть заведение считать везение увидеть свободный столик угол повезти свободный,neutral
32840,пиво,Food,пиво не пробовать поэтому не сказать,neutral
32840,коктейль,Food,пробовать коктейль прекрасный чувствоваться сделать хороший напиток положено,positive
32840,напиток,Food,пробовать коктейль прекрасный чувствоваться сделать хороший напиток положено,positive
32840,официантка,Service,отдельный спасибо официантка угадывать желание советовать хотеться,positive
32840,обслуживание,Service,обслуживание балл,positive
32840,еда,Food,еда вкусный,positive
32840,интерьер,Interior,еще стоить отмечать прекрасный уютный стильный интерьер безупречно подобранный музыкальный фон важно,positive
32840,музыкальный фон,Interior,еще стоить отмечать прекрасный уютный стильный интерьер безупречно подобранный музыкальный фон важно,positive
32840,радио,Whole,спасибо радио отличный вечер,positive
23858,заведение,Whole,решать отмечать заведение свой др компания друг,neutral
23858,посещение,Whole,до пара заходить посещение оставаться приятный впечатление,positive
23858,персонал,Service,приветливый персонал хороший выбор пиво быстрый выполнение заказ,positive
23858,пиво,Food,приветливый персонал хороший выбор пиво быстрый выполнение заказ,positive
23858,выполнение заказ,Service,приветливый персонал хороший выбор пиво быстрый выполнение заказ,positive
23858,пиво,Food,порадовать наличие пиво приемлемый цена неплохой вкус,positive
23858,цена,Price,порадовать наличие пиво приемлемый цена неплохой вкус,positive
23858,вкус,Food,порадовать наличие пиво приемлемый цена неплохой вкус,positive
23858,столик заказывать,Service,столик заказывать заранее понедельник,neutral
23858,заказывать,Service,однако пятница приходить непосредственно отмечать решать заказывать пиво сказать наличие оставаться сорт причем не местный пиво,neutral
23858,пиво,Food,однако пятница приходить непосредственно отмечать решать заказывать пиво сказать наличие оставаться сорт причем не местный пиво,neutral
23858,пиво,Food,однако пятница приходить непосредственно отмечать решать заказывать пиво сказать наличие оставаться сорт причем не местный пиво,negative
23858,пиво,Food,я расстраиваться не отменять приглашать становиться помаленьку подходить только полчаса приносить заказывать пиво,neutral
23858,официантка,Service,в следующий официантка удаваться подзывать бокал минута пустой решать заказывать пиво много не ждать,negative
23858,заказывать,Service,в следующий официантка удаваться подзывать бокал минута пустой решать заказывать пиво много не ждать,neutral
23858,пиво,Food,в следующий официантка удаваться подзывать бокал минута пустой решать заказывать пиво много не ждать,neutral
23858,официатка,Service,через минута официантка приносить бокал пиво нет,neutral
23858,заведение,Whole,много оставаться заведение не хотеться,negative
23858,место,Whole,слава бог город место пиво не кончаться час обслуживать персонал не забывать столик долгий,positive
23858,обслуживающий персонал,Service,слава бог город место пиво не кончаться час обслуживать персонал не забывать столик долгий,positive
23858,глобус,Whole,так вечер удаваться спасать глобус оставаться тяжелый неприятный осадок,negative
10625,кафе Dolce Italy,Whole,субботний вечер зайти компания кафе Dolce Italy попить кофе пирожное,neutral
10625,кофе,Food,субботний вечер зайти компания кафе Dolce Italy попить кофе пирожное,neutral
10625,пирожное,Food,субботний вечер зайти компания кафе Dolce Italy попить кофе пирожное,neutral
10625,кафе,Whole,быть пятнадцать кафе оказываться закрываться ровно вечер,neutral
10625,ресторан,Whole,мы любезно предлагать размещаться ресторан пирожное пообещать приносить,neutral
10625,пирожное,Food,мы любезно предлагать размещаться ресторан пирожное пообещать приносить,neutral
10625,ресторан Italy,Whole,так происходить знакомство ресторан Italy,positive
10625,вентиляция,Interior,для смочь находить столик курящий сильно не помешать вентиляция справляться,positive
10625,интерьер,Interior,интерьер спокойный сделать вкус особый изыск,positive
10625,сервис,Service,что касаться сервис официантка начало забывать приходиться окрепнуть сделать заказ,negative
10625,официантка,Service,что касаться сервис официантка начало забывать приходиться окрепнуть сделать заказ,negative
10625,салат цезарь,Food,к салат цезарь нужный соус анчоус,neutral
10625,соус без анчоус,Food,к салат цезарь нужный соус анчоус,neutral
10625,повар,Service,повар предлагать майонез соус готовиться утро одинаковый,negative
10625,майонез,Food,повар предлагать майонез соус готовиться утро одинаковый,negative
10625,соус,Food,повар предлагать майонез соус готовиться утро одинаковый,negative
10625,место,Whole,минута прибегать обещать сделать хороший вид в общий зайти место,positive
10625,итальянский блюдо,Food,обязательно попробовать итальянский блюдо,neutral
10625,ресторан,Whole,давно хотеть жена находить хороший итальянский ресторан,positive
25861,2ом этаж,Interior,на этаж раз,neutral
25861,интерьер,Interior,красивый интерьер сидеть окно столик диванчик,positive
25861,1ом этаж,Interior,намного удобный этаж,negative
25861,порция,Food,порция небольшой паста обслуживание не понравиться готовить приносить,negative
25861,паста,Food,порция небольшой паста обслуживание не понравиться готовить приносить,positive
25861,обслуживание,Service,порция небольшой паста обслуживание не понравиться готовить приносить,negative
25861,готовить,Service,порция небольшой паста обслуживание не понравиться готовить приносить,negative
25861,приносить,Service,порция небольшой паста обслуживание не понравиться готовить приносить,negative
25861,ресторан,Whole,заказ очень учитывать раз ресторан полупустой если не мочь называть моджо приятный место посидеть вечер друг,neutral
25861,моджо,Whole,заказ очень учитывать раз ресторан полупустой если не мочь называть моджо приятный место посидеть вечер друг,positive
25861,место,Whole,заказ очень учитывать раз ресторан полупустой если не мочь называть моджо приятный место посидеть вечер друг,positive
4106,ресторан,Whole,сегодня ресторан,neutral
4106,обслуживать,Service,мало обслуживать,negative
4106,хостес,Service,хостес ресторан нет встречать никто не спешивать,negative
4106,ресторан,Whole,хостес ресторан нет встречать никто не спешивать,negative
4106,встречать,Service,хостес ресторан нет встречать никто не спешивать,negative
4106,принимать заказ,Service,ждать подходить принимать заказ приходиться минута,negative
4106,заказывать по купон,Service,заказывать купон блюдо блюдо получать,neutral
4106,блюдо,Food,заказывать купон блюдо блюдо получать,neutral
4106,музыка,Interior,единственный понравиться музыка интерьер идти ресторан не захотеться,positive
4106,интерьер,Interior,единственный понравиться музыка интерьер идти ресторан не захотеться,positive
4106,ресторан,Whole,единственный понравиться музыка интерьер идти ресторан не захотеться,negative
4106,обслуживание,Service,претензия скоро не обслуживание администрация большой ресторан не обеспечивать нормальный количество официант видимо повар,neutral
4106,администрация,Whole,претензия скоро не обслуживание администрация большой ресторан не обеспечивать нормальный количество официант видимо повар,negative
4106,ресторан,Whole,претензия скоро не обслуживание администрация большой ресторан не обеспечивать нормальный количество официант видимо повар,neutral
4106,официант,Service,претензия скоро не обслуживание администрация большой ресторан не обеспечивать нормальный количество официант видимо повар,negative
4106,поваров,Service,претензия скоро не обслуживание администрация большой ресторан не обеспечивать нормальный количество официант видимо повар,negative
27816,ресторан,Whole,очень хороший ресторан,positive
27816,меню,Food,прекрасный банкетный меню хороший кухня демократичный цена,positive
27816,кухня,Food,прекрасный банкетный меню хороший кухня демократичный цена,positive
27816,цена,Price,прекрасный банкетный меню хороший кухня демократичный цена,positive
27816,шашлык,Food,вкусный шашлык хороший ассортимент блюдо,positive
27816,ассортимент блюдо,Food,вкусный шашлык хороший ассортимент блюдо,positive
27816,атмосфера,Interior,атмосфера позитивный домашний уютный обстановка приветливый персонал,positive
27816,обстановка,Interior,атмосфера позитивный домашний уютный обстановка приветливый персонал,positive
27816,персонал,Service,атмосфера позитивный домашний уютный обстановка приветливый персонал,positive
27816,развлекательный программа,Interior,интересный развлекательный программа живой музыка высокий уровень,positive
27816,живой музыка,Interior,интересный развлекательный программа живой музыка высокий уровень,positive
27816,кальян,Food,хороший кальян приемлемый цена,positive
27816,цена,Price,хороший кальян приемлемый цена,positive
18518,ресторан,Whole,мы ресторан раз,neutral
18518,обслуживание,Service,обслуживание довольный скатерть менять каждый посетитель чисто,positive
18518,официант,Service,официант подготовить рассказывать готовиться подаваться,positive
18518,порция,Food,порция достаточно большой,positive
18518,ресторан,Whole,единственный минус праздник выходной посетитель ресторан поэтому готовить,positive
18518,закуска,Food,закуска салат приносить быстро горячее ждать,neutral
18518,салат,Food,закуска салат приносить быстро горячее ждать,neutral
18518,горячее,Food,закуска салат приносить быстро горячее ждать,neutral
18518,мороженое,Food,за ожидание приносить комплимент мороженое ребенок,neutral
18518,мороженое,Food,кстати мороженое готовить,positive
36017,ресторан,Whole,небольшой уютный ресторан,positive
36017,встречать,Service,при вход встречать элегантный мужчина принимать верхний одежда проводить зал,neutral
36017,мужчина,Service,при вход встречать элегантный мужчина принимать верхний одежда проводить зал,positive
36017,мужчина,Service,поздно рассматривать фотография стена увидеть данный мужчина понимать хозяин,neutral
36017,хозяин,Service,поздно рассматривать фотография стена увидеть данный мужчина понимать хозяин,neutral
36017,ресторан,Whole,внутри ресторан достаточно уютный столик маленький четвером один столик тесновато набирать блюдо,positive
36017,блюдо,Food,внутри ресторан достаточно уютный столик маленький четвером один столик тесновато набирать блюдо,neutral
36017,меню ресторан,Food,меню ресторан достаточно утонченный не блистать салат второй блюдо,neutral
36017,салат,Food,меню ресторан достаточно утонченный не блистать салат второй блюдо,neutral
36017,второй блюдо,Food,меню ресторан достаточно утонченный не блистать салат второй блюдо,neutral
36017,кухня,Food,но кухня превосходный блюдо изысканный вкусный,positive
36017,блюдо,Food,но кухня превосходный блюдо изысканный вкусный,positive
36017,мраморный говядина,Food,там впервые попробовать мраморный говядина видеть какой ресторан решать попробовать,positive
36017,ресторан,Whole,там впервые попробовать мраморный говядина видеть какой ресторан решать попробовать,neutral
36017,блюдо,Food,блюдо нежный таять рот,positive
36017,порция,Food,порция небольшой не маленький самый съедать заказывать,positive
36017,съедать,Food,порция небольшой не маленький самый съедать заказывать,neutral
36017,ресторан,Whole,ресторан уютный чувствовать дома,positive
36017,обслуживание,Service,обслуживание хороший кухня вкусный,positive
36017,кухня,Food,обслуживание хороший кухня вкусный,positive
36017,ресторан,Whole,но сказать сразу ресторан не дешевый примерный счет руб человек,neutral
36017,цена,Price,хотя не смотреть цена ресторан смело рекомендовать посещение,negative
36017,ресторан,Whole,хотя не смотреть цена ресторан смело рекомендовать посещение,positive
36017,ресторан,Whole,данный ресторан включать свой белый список примета,positive
29395,ресторан,Whole,ресторан хороший,positive
29395,ресторан,Whole,с он связанный трепетный ресторан будущий муж сделать предложение кстати свадьба неделя отмечать,neutral
29395,кухня,Food,кухня замечательный обслуживание приходиться ждать меню некоторый ресторан,positive
29395,обслуживание,Service,кухня замечательный обслуживание приходиться ждать меню некоторый ресторан,positive
29395,ресторан,Whole,кухня замечательный обслуживание приходиться ждать меню некоторый ресторан,negative
29395,блюдо,Food,мы садиться заказывать грузинский блюдо шампанское минута приносить самый вкусный шампанское который пить жизнь,neutral
29395,шампанское,Food,мы садиться заказывать грузинский блюдо шампанское минута приносить самый вкусный шампанское который пить жизнь,neutral
29395,шампанское,Food,мы садиться заказывать грузинский блюдо шампанское минута приносить самый вкусный шампанское который пить жизнь,positive
29395,кушать,Food,мы кушать кушать никак не мочь наслаждаться еда вкусный необычный,positive
29395,кушать,Food,мы кушать кушать никак не мочь наслаждаться еда вкусный необычный,positive
29395,еда,Food,мы кушать кушать никак не мочь наслаждаться еда вкусный необычный,positive
29395,ресторан,Whole,грузинский ресторан,neutral
29395,музыка,Interior,там спокойно музыка спокойный восточный правда не помнить живой вроде нет,positive
29395,ресторан,Whole,если вы искать ресторан важный событие мочь смело идти тбилисо,neutral
29395,тбилисо,Whole,если вы искать ресторан важный событие мочь смело идти тбилисо,positive
27629,ресторан,Whole,давно хотеть посещать ресторан,neutral
27629,китайский кухня,Food,любить китайский кухня муж предпочитать японский,positive
27629,официантка,Service,официантка легкий наркотик слушать не внимательно не не записывать результат минутный ожидание приносить не блюдо который заказывать,negative
27629,слушать,Service,официантка легкий наркотик слушать не внимательно не не записывать результат минутный ожидание приносить не блюдо который заказывать,negative
27629,блюдо китайский кухня,Food,время поздно не мочь сказать блюдо китайский кухня японский не находить не вкусный,negative
27629,кухня,Food,кухня претензионный не вкусный,negative
27629,обслуживание,Service,кроме счет включать чаевые обслуживание не давать х из положительный интерьер,negative
27629,интерьер,Interior,кроме счет включать чаевые обслуживание не давать х из положительный интерьер,positive
27629,мебель,Interior,но не удобный мебель,negative
27629,заведение,Whole,в общий заведение не пойти,negative
10645,поужинать,Food,заезжать поужинать подруга пара неделя,neutral
10645,столик не заказывать,Service,столик не заказывать,neutral
10645,сервис,Service,про сервис негативный не сказать быстро подходить улыбаться подходить спрашивать нравиться,positive
10645,интерьер,Interior,интерьер любитель мило удобно,positive
10645,еда,Food,еда хороший,positive
10645,подача,Service,подача плов оригинальный я лично не понравиться идея не плохой,both
10645,плов,Food,подача плов оригинальный я лично не понравиться идея не плохой,neutral
10645,блюдо из мясо,Food,я лично ожидать блюдо мясо такой ресторан мангал,positive
10645,ресторан,Whole,я лично ожидать блюдо мясо такой ресторан мангал,neutral
10645,шашлык,Food,с сторона один шашлык каждый вид мясо принцип хватать хотеться необычный увидеть,both
10645,мясо,Food,с сторона один шашлык каждый вид мясо принцип хватать хотеться необычный увидеть,both
34045,кафе,Whole,являться постоянный гость данный кафе,positive
34045,кухня,Food,кухня нравиться ходить друг отмечать праздник рождение,positive
34045,обслуживание,Service,обслуживание высокий уровень персонал работать внимательный гость,positive
34045,персонал,Service,обслуживание высокий уровень персонал работать внимательный гость,positive
34045,кафе,Whole,рекомендовать кафе хотеть попить кофе спокойный обстановка хотеть отмечать рождение праздник,positive
34045,кофе,Food,рекомендовать кафе хотеть попить кофе спокойный обстановка хотеть отмечать рождение праздник,neutral
34045,обстановка,Interior,рекомендовать кафе хотеть попить кофе спокойный обстановка хотеть отмечать рождение праздник,positive
6366,заведение,Whole,довольно приятный заведение интерьер симпатичный,positive
6366,интерьер,Interior,довольно приятный заведение интерьер симпатичный,positive
6366,обслуживание,Service,обслуживание хороший вопрос официантка отвечать,positive
6366,официантка,Service,обслуживание хороший вопрос официантка отвечать,positive
6366,кухня,Food,по повод кухня не мочь ибо заказывать мороженое спутник оставаться довольный блинчик мясо,neutral
6366,мороженный,Food,по повод кухня не мочь ибо заказывать мороженое спутник оставаться довольный блинчик мясо,neutral
6366,блинчик с мясо,Food,по повод кухня не мочь ибо заказывать мороженое спутник оставаться довольный блинчик мясо,positive
6366,цена,Price,самый приятный пожалуй цена такой интерьер качество блюдо ожидать цена раз точно,positive
6366,интерьер,Interior,самый приятный пожалуй цена такой интерьер качество блюдо ожидать цена раз точно,positive
6366,качество блюдо,Food,самый приятный пожалуй цена такой интерьер качество блюдо ожидать цена раз точно,positive
6366,цена,Price,самый приятный пожалуй цена такой интерьер качество блюдо ожидать цена раз точно,negative
8411,санторини,Whole,июнь отмечать санторини свадьба обслуживание хороший муж раз не наполнять бокал следить официант,neutral
8411,обслуживание,Service,июнь отмечать санторини свадьба обслуживание хороший муж раз не наполнять бокал следить официант,positive
8411,официант,Service,июнь отмечать санторини свадьба обслуживание хороший муж раз не наполнять бокал следить официант,positive
8411,обслуживание,Service,обслуживание высокий уровень ненавязчивый,positive
8411,все убирать,Service,все убирать,positive
8411,еда,Food,единственный заказывать еда съедать абсолютно,neutral
8411,съедать,Food,единственный заказывать еда съедать абсолютно,both
8411,ресторан,Whole,мы специально свадьба съездить ресторан покушать обычный посетитель,neutral
8411,покушать,Food,мы специально свадьба съездить ресторан покушать обычный посетитель,neutral
8411,ценник,Price,для ценник дороговатый настолько вкусно обслуживание такой хороший останавливать выбор санторини,negative
8411,обслуживание,Service,для ценник дороговатый настолько вкусно обслуживание такой хороший останавливать выбор санторини,positive
8411,санторини,Whole,для ценник дороговатый настолько вкусно обслуживание такой хороший останавливать выбор санторини,positive
8411,еда,Food,гость еда понравиться обслуживание отличный место танец,positive
8411,обслуживание,Service,гость еда понравиться обслуживание отличный место танец,positive
8411,место для танец,Interior,гость еда понравиться обслуживание отличный место танец,positive
8411,персонал,Service,спасибо персонал,positive
18003,заведение,Whole,посещать данный заведение случай юбилей мой папа,neutral
18003,интерьер,Interior,итак начинать интерьер,neutral
18003,место,Whole,для данный район вернее приличный место нет принцип,positive
18003,встречать,Service,и встречать проводить столик официантка чудо приветливый внимательный самый главное мера не работа выполнять,positive
18003,проводить к столик,Service,и встречать проводить столик официантка чудо приветливый внимательный самый главное мера не работа выполнять,positive
18003,официантка,Service,и встречать проводить столик официантка чудо приветливый внимательный самый главное мера не работа выполнять,positive
18003,приветливый,Service,и встречать проводить столик официантка чудо приветливый внимательный самый главное мера не работа выполнять,positive
18003,работа она выполнять,Service,и встречать проводить столик официантка чудо приветливый внимательный самый главное мера не работа выполнять,positive
18003,кухня,Food,переходить кухня,neutral
18003,блюдо,Food,да первый восприятие блюдо отличный оформление находка повар,positive
18003,на вкус,Food,но вкус,negative
18003,мясо,Food,то мясо суховато рыба не досолить не сказать спиртной напиток,negative
18003,рыба,Food,то мясо суховато рыба не досолить не сказать спиртной напиток,negative
18003,спиртной напиток,Food,то мясо суховато рыба не досолить не сказать спиртной напиток,positive
18003,винный карта,Food,винный карта прекрасный,positive
18003,качество вино,Food,качество вино порадовать,positive
19677,кафе,Whole,хотеть оставлять свой отзыв замечательный кафе,positive
19677,кухня,Food,недовольный не оставаться понравиться кухня,positive
19677,порция,Food,большой порция интересный салат горячо сытно вкусный сравнительно небольшой цена,positive
19677,салат,Food,большой порция интересный салат горячо сытно вкусный сравнительно небольшой цена,positive
19677,горячее,Food,большой порция интересный салат горячо сытно вкусный сравнительно небольшой цена,positive
19677,цена,Price,большой порция интересный салат горячо сытно вкусный сравнительно небольшой цена,positive
19677,обслуживание,Service,очень приятный ненавязчивый обслуживание,positive
19677,администратор,Service,отдельный спасибо администратор сергей,positive
19677,торт,Food,и восхитительный торт,positive
19677,кафе,Whole,все рекомендовать посещать замечательный кафе,positive
11388,ресторан,Whole,несколько посещать друг данный ресторан,neutral
11388,интерьер,Interior,интерьер милый мера,positive
11388,кухня,Food,кухня понравиться,positive
11388,музыкальный коллектив,Interior,очень понравиться музыкальный коллектив хороший музыка,positive
11388,музыка,Interior,очень понравиться музыкальный коллектив хороший музыка,positive
